Part,Type,Number,Pre-RFO Title,Pre-RFO Date,RFO Title,HHS Deviation Date,Disposition,Notes
1,Provision,52.201-1,Acquisition 360: Voluntary Survey.,Sep 2023,[Reserved],2-Jun-25,Removed,
2,Clause,52.202-1,Definitions.,Jun 2020,Definitions.,--,No Change,
3,--,52.203-1,[Reserved],--,[Reserved],--,No Change,
3,Provision,52.203-2,Certificate of Independent Price Determination.,Apr 1985,Certificate of Independent Price Determination.,--,No Change,
3,Clause,52.203-3,Gratuities.,Apr 1984,Gratuities.,--,No Change,
3,--,52.203-4,[Reserved],--,[Reserved],--,No Change,
3,Clause,52.203-5,Covenant Against Contingent Fees.,May 2014,Covenant Against Contingent Fees.,--,No Change,
3,Clause,52.203-6,Restrictions on Subcontractor Sales to the ...,Jun 2020,Restrictions on Subcontractor Sales to the ...,--,No Change,
3,Clause,52.203-7,Anti-Kickback Procedures.,Jun 2020,Anti-Kickback Procedures.,--,No Change,
3,Clause,52.203-8,"Cancellation, Rescission, and Recovery of Fun...",May 2014,"Cancellation, Rescission, and Recovery of Fun...",--,No Change,
3,--,52.203-9,[Reserved],--,[Reserved],--,No Change,
3,Clause,52.203-10,Price or Fee Adjustment for Illegal or ...,May 2014,Price or Fee Adjustment for Illegal or ...,--,No Change,
3,Provision,52.203-11,Certification and Disclosure Regarding ...,Sep 2024,Certification and Disclosure Regarding ...,--,No Change,
3,Clause,52.203-12,Limitation on Payments to Influence Certai...,Jun 2020,Limitation on Payments to Influence Certai...,--,No Change,
3,Clause,52.203-13,Contractor Code of Business Ethics and Conduct.,Nov 2021,Contractor Code of Business Ethics and Conduct.,--,No Change,
3,Clause,52.203-14,Display of Hotline Poster(s).,Nov 2021,Display of Hotline Poster(s).,--,No Change,
3,Clause,52.203-15,Whistleblower Protections Under the American ...,Jun 2010,[Reserved],3-Nov-25,Removed,
3,Clause,52.203-16,Preventing Personal Conflicts of Interest.,Jun 2020,Preventing Personal Conflicts of Interest.,--,No Change,
3,Clause,52.203-17,Contractor Employee Whistleblower ...,Nov 2023,Contractor Employee Whistleblower ...,--,No Change,
3,Provision,52.203-18,Prohibition on Contracting with Entities that ...,Jan 2017,Prohibition on Contracting with Entities that ...,--,No Change,
3,Clause,52.203-19,Prohibition on Requiring Certain Internal ...,Jan 2017,Prohibition on Requiring Certain Internal ...,--,No Change,
4,Clause,52.204-1,Approval of Contract.,Dec 1989,[Reserved],3-Nov-25,Removed,
4,Clause,52.204-2,Security Requirements.,Mar 2021,[Reserved],3-Nov-25,Removed,
4,Provision,52.204-3,Taxpayer identification.,Oct 1998,[Reserved],3-Nov-25,Removed,
4,--,52.204-4,[Reserved],--,[Reserved],--,No Change,
4,Provision,52.204-5,Women-Owned Business (Other Than Small ...,Oct 2014,Women-Owned Business (Other Than Small ...,--,No Change,
4,Provision,52.204-6,Unique Entity Identifier.,Oct 2016,[Reserved],3-Nov-25,Removed,
4,Provision,52.204-7,System for Award Management.,Nov 2024,System for Award Management-Registration,Nov 2025,Updated,
4,Provision,52.204-8,Annual Representations and Certifications.,Oct 2025,[Reserved],3-Nov-25,Removed,
4,Clause,52.204-9,Personal Identity Verification of Contractor ...,Jan 2011,Personal Identity Verification of Contractor ...,--,No Change,
4,Clause,52.204-10,Reporting Executive Compensation ...,Jun 2020,Reporting Executive Compensation ...,Nov 2025,Updated,
4,--,52.204-11,[Reserved],--,[Reserved],--,No Change,
4,Clause,52.204-12,Unique Entity Identifier Maintenance.,Oct 2016,[Reserved],3-Nov-25,Removed,
4,Clause,52.204-13,System for Award Management Maintenance.,Oct 2018,System for Award Management-Maintenance.,Nov 2025,Updated,
4,Clause,52.204-14,Service Contract Reporting Requirements.,Oct 2016,Service Contract Reporting Requirements.,Nov 2025,Updated,
4,Clause,52.204-15,Service Contract Reporting Requirements fo...,Oct 2016,Service Contract Reporting Requirements fo...,Nov 2025,Updated,
4,Provision,52.204-16,Commercial and Government Entity Code ...,Aug 2020,[Reserved],3-Nov-25,Removed,
4,Provision,52.204-17,Ownership or Control of Offeror.,Aug 2020,[Reserved],3-Nov-25,Removed,
4,Clause,52.204-18,Commercial and Government Entity Code ...,Aug 2020,[Reserved],3-Nov-25,Removed,
4,Clause,52.204-19,Incorporation by Reference of Representations...,Dec 2014,Incorporation by Reference of Representations...,--,No Change,
4,Provision,52.204-20,Predecessor of Offeror.,Aug 2020,[Reserved],3-Nov-25,Removed,
4,Clause,52.204-21,Basic Safeguarding of Covered ...,Nov 2021,[Reserved],3-Nov-25,Removed,
4,Provision,52.204-22,Alternative Line Item Proposal.,Jan 2017,[Reserved],3-Nov-25,Removed,
4,Clause,52.204-23,"Prohibition on Contracting for Hardware, ...",Dec 2023,[Reserved],3-Nov-25,Removed,
4,Provision,52.204-24,Representation Regarding Certain Telecommunicat...,Nov 2021,[Reserved],3-Nov-25,Removed,
4,Clause,52.204-25,Prohibition on Contracting for Certain ...,Nov 2021,[Reserved],3-Nov-25,Removed,
4,Provision,52.204-26,Covered Telecommunications Equipment or...,Oct 2020,[Reserved],3-Nov-25,Removed,
4,Clause,52.204-27,Prohibition on a ByteDance Covered ...,Jun 2023,[Reserved],3-Nov-25,Removed,
4,Clause,52.204-28,Federal Acquisition Supply Chain ...,Dec 2023,[Reserved],3-Nov-25,Removed,
4,Provision,52.204-29,Federal Acquisition Supply Chain ...,Dec 2023,[Reserved],3-Nov-25,Removed,
4,Clause,52.204-30,Federal Acquisition Supply Chain ...,Dec 2023,[Reserved],3-Nov-25,Removed,
4,Provision,52.204-90,Offeror Identification,--,Offeror Identification,Nov 2025,Added,
4,Clause,52.204-91,Contractor Identification,--,Contractor Identification,Nov 2025,Added,
7,Provision,52.207-1,Notice of Standard Competition.,May 2006,[Reserved],3-Nov-25,Removed,
7,Provision,52.207-2,Notice of Streamlined Competition.,May 2006,[Reserved],3-Nov-25,Removed,
7,Clause,52.207-3,Right of First Refusal of Employment.,May 2006,[Reserved],3-Nov-25,Removed,
7,Provision,52.207-4,Economic Purchase Quantity—Supplies.,Aug 1987,Economic Purchase Quantity—Supplies.,--,No Change,
7,Clause,52.207-5,Option To Purchase Equipment.,Feb 1995,Option To Purchase Equipment.,--,No Change,
7,Provision,52.207-6,Solicitation of Offers from Small Business ...,Aug 2024,Solicitation of Offers from Small Business ...,--,No Change,
8,--,52.208-1,[Reserved],--,[Reserved],--,No Change,
8,--,52.208-2,[Reserved],--,[Reserved],--,No Change,
8,--,52.208-3,[Reserved],--,[Reserved],--,No Change,
8,Clause,52.208-4,Vehicle Lease Payments.,Apr 1984,[Reserved],3-Nov-25,Removed,
8,Clause,52.208-5,Condition of Leased Vehicles.,Apr 1984,[Reserved],3-Nov-25,Removed,
8,Clause,52.208-6,Marking of Leased Vehicles.,Apr 1984,[Reserved],3-Nov-25,Removed,
8,Clause,52.208-7,Tagging of Leased Vehicles.,May 1986,[Reserved],3-Nov-25,Removed,
8,--,52.208-8,[Reserved],--,[Reserved],--,No Change,
8,Clause,52.208-9,Contractor Use of Mandatory Sources of Supp...,May 2014,Contractor Use of Mandatory Sources of Supp...,Nov 2025,Updated,
8,Clause,52.208-90,--,--,Government Supply Sources.,Nov 2025,Added,Replaces 52.251-1
8,Clause,52.208-91,--,--,GSA Fleet Vehicles and Related Services.,Nov 2025,Added,Replaces 52.251-2
9,Clause,52.209-1,Qualification Requirements.,Feb 1995,Qualification Requirements.,Nov 2025,Updated,
9,Provision,52.209-2,Prohibition on Contracting With Inverted Domes...,Nov 2015,Prohibition on Contracting With Inverted Domes...,Nov 2025,Updated,
9,Clause,52.209-3,First Article Approval—Contractor ...,Sep 1989,First Article Approval—Contractor ...,Nov 2025,Updated,
9,Clause,52.209-4,First Article Approval—Government ...,Sep 1989,First Article Approval—Government ...,Nov 2025,Updated,
9,Provision,52.209-5,Certification Regarding Responsibility ...,Aug 2020,Certification Regarding Responsibility ...,Nov 2025,Updated,
9,Clause,52.209-6,Protecting the Government's Interest When ...,Jan 2025,Protecting the Government's Interest When ...,Nov 2025,Updated,
9,Provision,52.209-7,Information Regarding Responsibility ...,Oct 2018,Information Regarding Responsibility ...,Nov 2025,Updated,
9,--,52.209-8,[Reserved],--,[Reserved],--,No Change,
9,Clause,52.209-9,Updates of Publicly Available Information ...,Oct 2018,Updates of Publicly Available Information ...,Nov 2025,Updated,
9,Clause,52.209-10,Prohibition on Contracting With Inverted Domes...,Nov 2015,Prohibition on Contracting With Inverted Domes...,Nov 2025,Updated,
9,Provision,52.209-11,Representation by Corporations Regarding ...,Feb 2016,Representation by Corporations Regarding ...,Nov 2025,Updated,
9,Provision,52.209-12,Certification Regarding Tax Matters.,Oct 2025,Certification Regarding Tax Matters.,--,No Change,
9,Provision,52.209-13,Violation of Arms Control Treaties or Agreements...,Nov 2021,Violation of Arms Control Treaties or Agreements...,Nov 2025,Updated,
9,Clause,52.209-14,Reserve Officer Training Corps and Military ...,Nov 2021,Reserve Officer Training Corps and Military ...,--,No Change,
10,Clause,52.210-1,Market Research.,Nov 2021,Market Research.,Jul 2025,Updated,
11,Provision,52.211-1,Availability of Specifications Listed in the GS...,Sep 2023,[Reserved],21-Jul-25,Removed,
11,Provision,52.211-2,"Availability of Defense Specifications, ...",Sep 2023,[Reserved],21-Jul-25,Removed,
11,Provision,52.211-3,Availability of Specifications Not Listed in the GS...,Jun 1988,[Reserved],21-Jul-25,Removed,
11,Provision,52.211-4,Availability for Examination of Specifications N...,Jun 1988,[Reserved],21-Jul-25,Removed,
11,Clause,52.211-5,Material Requirements.,Aug 2000,Material Requirements.,Jul 2025,Updated,
11,Provision,52.211-6,Brand name or equal.,Aug 1999,[Reserved],21-Jul-25,Removed,
11,Provision,52.211-7,Alternatives to Government-unique standards.,Nov 1999,[Reserved],21-Jul-25,Removed,
11,Clause,52.211-8,Time of Delivery.,Jun 1997,[Reserved],21-Jul-25,Removed,
11,Clause,52.211-9,Desired and Required Time of Delivery.,Jun 1997,[Reserved],21-Jul-25,Removed,
11,Clause,52.211-10,"Commencement, Prosecution, and Completion of ...",Apr 1984,[Reserved],21-Jul-25,Removed,
11,Clause,52.211-11,"Liquidated Damages—Supplies, Service...",Sep 2000,"Liquidated Damages—Supplies, Service...",--,No Change,
11,Clause,52.211-12,Liquidated Damages—Construction.,Sep 2000,Liquidated Damages—Construction.,--,No Change,
11,Clause,52.211-13,Time Extensions.,Sep 2000,Time Extensions.,--,No Change,
11,Provision,52.211-14,Notice of Priority Rating for National Defens...,Apr 2008,Notice of Priority Rating for National Defens...,--,No Change,
11,Clause,52.211-15,Defense Priority and Allocation Requirements.,Apr 2008,Defense Priority and Allocation Requirements.,--,No Change,
11,Clause,52.211-16,Variation in Quantity.,Apr 1984,[Reserved],21-Jul-25,Removed,
11,Clause,52.211-17,Delivery of Excess Quantities.,Sep 1989,[Reserved],21-Jul-25,Removed,
11,Clause,52.211-18,Variation in Estimated Quantity.,Apr 1984,[Reserved],21-Jul-25,Removed,
12,Provision,52.212-1,Instructions to Offerors—Commercial ...,Sep 2023,Instructions to Offerors—Commercial ...,Nov 2025,Updated,
12,Provision,52.212-2,Evaluation—Commercial Products and ...,Nov 2021,Evaluation—Commercial Products and ...,Nov 2025,Updated,
12,Provision,52.212-3,Offeror Representations and Certification...,Oct 2025,[Reserved],3-Nov-25,Removed,
12,Clause,52.212-4,Contract Terms and Conditions—Commercial ...,Nov 2023,Terms and Conditions—Commercial ...,Nov 2025,Updated,
12,Clause,52.212-5,Contract Terms and Conditions Required To ...,Oct 2025,[Reserved],3-Nov-25,Removed,
13,Clause,52.213-1,Fast Payment Procedure.,May 2006,[Reserved],21-Nov-25,Removed,Moved to 52.232-90
13,Clause,52.213-2,Invoices.,Apr 1984,[Reserved],21-Nov-25,Removed,
13,Clause,52.213-3,Notice to Supplier.,Apr 1984,[Reserved],21-Nov-25,Removed,
13,Clause,52.213-4,Terms and Conditions—Simplified ...,Oct 2025,Terms and Conditions—Simplified ...,Nov 2025,Updated,
14,--,52.214-1,[Reserved],--,[Reserved],--,No Change,
14,--,52.214-2,[Reserved],--,[Reserved],--,No Change,
14,Provision,52.214-3,Amendments to Invitations for Bids.,Dec 2016,Amendments to Invitations for Bids.,Nov 2025,Updated,
14,Provision,52.214-4,False Statements in Bids.,Apr 1984,False Statements in Bids.,--,No Change,
14,Provision,52.214-5,Submission of Bids.,Dec 2016,Submission of Bids.,Nov 2025,Updated,
14,Provision,52.214-6,Explanation to Prospective Bidders.,Apr 1984,Explanation to Prospective Bidders.,--,No Change,
14,Provision,52.214-7,"Late submissions, modifications, and withdrawals...",Nov 1999,"Late Submissions, Modifications, and Withdrawal...",Nov 2025,Updated,
14,--,52.214-8,[Reserved],--,[Reserved],--,No Change,
14,--,52.214-9,[Reserved],--,[Reserved],--,No Change,
14,Provision,52.214-10,Contract Award—Sealed Bidding.,Jul 1990,Contract Award—Sealed Bidding.,--,No Change,
14,--,52.214-11,[Reserved],--,[Reserved],--,No Change,
14,Provision,52.214-12,Preparation of Bids.,Apr 1984,Preparation of Bids.,--,No Change,
14,--,52.214-13,[Reserved],--,[Reserved],--,No Change,
14,Provision,52.214-14,Place of Performance—Sealed Bidding.,Apr 1985,Place of Performance—Sealed Bidding.,--,No Change,
14,Provision,52.214-15,Period for Acceptance of Bids.,Apr 1984,Period for Acceptance of Bids.,--,No Change,
14,Provision,52.214-16,Minimum Bid Acceptance Period.,Apr 1984,Minimum Bid Acceptance Period.,--,No Change,
14,--,52.214-17,[Reserved],--,[Reserved],--,No Change,
14,Provision,52.214-18,Preparation of Bids—Construction.,Apr 1984,Preparation of Bids—Construction.,--,No Change,
14,Provision,52.214-19,Contract Award—Sealed Bidding—Construction.,Aug 1996,Contract Award—Sealed Bidding—Construction.,--,No Change,
14,Provision,52.214-20,Bid Samples.,Apr 2002,Bid Samples.,--,No Change,
14,Provision,52.214-21,Descriptive Literature.,Apr 2002,Descriptive Literature.,--,No Change,
14,Provision,52.214-22,Evaluation of Bids for Multiple Awards.,Mar 1990,Evaluation of Bids for Multiple Awards.,--,No Change,
14,Provision,52.214-23,"Late submissions, modifications, revisions, and ...",Nov 1999,"Late Submissions, Modifications, Revisions, and ...",Nov 2025,Updated,
14,Provision,52.214-24,Multiple Technical Proposals.,Apr 1984,Multiple Technical Proposals.,--,No Change,
14,Provision,52.214-25,Step Two of Two-Step Sealed Bidding.,Apr 1985,Step Two of Two-Step Sealed Bidding.,Nov 2025,Updated,
14,Clause,52.214-26,Audit and Records—Sealed Bidding.,Jun 2020,Audit and Records—Sealed Bidding.,Nov 2025,Updated,
14,Clause,52.214-27,Price Reduction for Defective Certified Cost or...,Jun 2020,Price Reduction for Defective Certified Cost or...,--,No Change,
14,Clause,52.214-28,Subcontractor Certified Cost or Pricing Data—...,Jun 2020,Subcontractor Certified Cost or Pricing Data—...,Nov 2025,Updated,
14,Clause,52.214-29,Order of Precedence—Sealed Bidding.,Jan 1986,Order of Precedence—Sealed Bidding.,--,No Change,
14,--,52.214-30,[Reserved],--,[Reserved],--,No Change,
14,Provision,52.214-31,Facsimile Bids.,Dec 1989,[Reserved],21-Nov-25,Removed,
14,--,52.214-32,[Reserved],--,[Reserved],--,No Change,
14,--,52.214-33,[Reserved],--,[Reserved],--,No Change,
14,Provision,52.214-34,Submission of Offers in the English Language.,Apr 1991,Submission of Offers in the English Language.,--,No Change,
14,Provision,52.214-35,Submission of Offers in U.S. Currency.,Apr 1991,Submission of Offers in U.S. Currency.,--,No Change,
15,Provision,52.215-1,Instructions to Offerors—Competitive ...,Nov 2021,Instructions to Offerors—Competitive ...,Nov 2025,Updated,
15,Clause,52.215-2,Audit and Records—Negotiation.,Jun 2020,Audit and Records—Negotiation.,Nov 2025,Updated,
15,Provision,52.215-3,Request for Information or Solicitation for ...,Oct 1997,[Reserved],21-Nov-25,Removed,
15,--,52.215-4,[Reserved],--,[Reserved],--,No Change,
15,Provision,52.215-5,Facsimile Proposals.,Oct 1997,[Reserved],21-Nov-25,Removed,
15,Provision,52.215-6,Place of Performance.,Oct 1997,Place of Performance.,Nov 2025,Updated,
15,--,52.215-7,[Reserved],--,[Reserved],--,No Change,
15,Clause,52.215-8,Order of Precedence—Uniform Contrac...,Oct 1997,Order of Precedence—Uniform Contrac...,Nov 2025,Updated,
15,Clause,52.215-9,Changes or Additions to Make-or-Buy ...,Oct 1997,Changes or Additions to Make-or-Buy ...,Nov 2025,Updated,ALT I and ALT II are updated (deviation)
15,Clause,52.215-10,Price Reduction for Defective Certified Cost or...,Aug 2011,Price Reduction for Defective Certified Cost or...,--,No Change,
15,Clause,52.215-11,Price Reduction for Defective Certified Cost or...,Jun 2020,Price Reduction for Defective Certified Cost or...,Nov 2025,Updated,
15,Clause,52.215-12,Subcontractor Certified Cost or Pricing Data.,Jun 2020,Subcontractor Certified Cost or Pricing Data.,Nov 2025,Updated,
15,Clause,52.215-13,Subcontractor Certified Cost or Pricing Data—...,Jun 2020,Subcontractor Certified Cost or Pricing Data—...,Nov 2025,Updated,
15,Clause,52.215-14,Integrity of Unit Prices.,Nov 2021,Integrity of Unit Prices.,--,No Change,
15,Clause,52.215-15,Pension adjustments and asset reversions.,Oct 2010,Pension Adjustments and Asset Reversions.,Nov 2025,Updated,
15,Provision,52.215-16,Facilities Capital Cost of Money.,Jun 2003,Facilities Capital Cost of Money.,--,No Change,
15,Clause,52.215-17,Waiver of Facilities Capital Cost of Money.,Oct 1997,Waiver of Facilities Capital Cost of Money.,--,No Change,
15,Clause,52.215-18,Reversion or Adjustment of Plans for ...,Jul 2005,Reversion or Adjustment of Plans for ...,Nov 2025,Updated,
15,Clause,52.215-19,Notification of Ownership Changes.,Oct 1997,Notification of Ownership Changes.,Nov 2025,Updated,
15,Provision,52.215-20,Requirements for Certified Cost or Pricing Data and...,Nov 2021,Requirements for Certified Cost or Pricing Data and...,Nov 2025,Updated,
15,Clause,52.215-21,Requirements for Certified Cost or Pricing Data and...,Nov 2021,Requirements for Certified Cost or Pricing Data and...,Nov 2025,Updated,
15,Provision,52.215-22,Limitations on Pass-Through Charges—...,Oct 2009,Limitations on Pass-Through Charges—...,Nov 2025,Updated,
15,Clause,52.215-23,Limitations on Pass-Through Charges.,Jun 2020,Limitations on Pass-Through Charges.,Nov 2025,Updated,
16,Provision,52.216-1,Type of Contract.,Apr 1984,Type of Contract.,Nov 2025,Updated,
16,Clause,52.216-2,Economic Price Adjustment—Standard ...,Nov 2021,Economic Price Adjustment—Standard ...,--,No Change,
16,Clause,52.216-3,Economic Price Adjustment—Semistandard ...,Nov 2021,Economic Price Adjustment—Semistandard ...,--,No Change,
16,Clause,52.216-4,Economic Price Adjustment—Labor and ...,Jan 2017,Economic Price Adjustment—Labor and ...,--,No Change,
16,Clause,52.216-5,Price Redetermination—Prospective.,Jan 2022,Price Redetermination—Prospective.,--,Updated,"Non-substantial updates (e.g., insignificant -- ..."
16,Clause,52.216-6,Price Redetermination—Retroactive.,Jan 2022,Price Redetermination—Retroactive.,--,Updated,"Non-substantial updates (e.g., insignificant -- ..."
16,Clause,52.216-7,Allowable Cost and Payment.,Aug 2018,Allowable Cost and Payment.,Nov 2025,Updated,
16,Clause,52.216-8,Fixed Fee.,Jun 2011,Fixed Fee.,--,No Change,
16,Clause,52.216-9,Fixed Fee—Construction.,Jun 2011,Fixed Fee—Construction.,--,No Change,
16,Clause,52.216-10,Incentive Fee.,Jun 2011,Incentive Fee.,--,No Change,
16,Clause,52.216-11,Cost Contract—No Fee.,Apr 1984,Cost Contract—No Fee.,--,No Change,
16,Clause,52.216-12,Cost-Sharing Contract—No Fee.,Apr 1984,Cost-Sharing Contract—No Fee.,--,No Change,
16,--,52.216-13,[Reserved],--,[Reserved],--,No Change,
16,--,52.216-14,[Reserved],--,[Reserved],--,No Change,
16,Clause,52.216-15,Predetermined Indirect Cost Rates.,Apr 1998,Predetermined Indirect Cost Rates.,--,No Change,
16,Clause,52.216-16,Incentive Price Revision—Firm Target.,Jan 2022,Incentive Price Revision—Firm Target.,--,Updated,"Non-substantial updates (e.g., insignificant -- ..."
16,Clause,52.216-17,Incentive Price Revision—Successive ...,Jan 2022,Incentive Price Revision—Successive ...,--,Updated,"Non-substantial updates (e.g., insignificant -- ..."
16,Clause,52.216-18,Ordering.,Aug 2020,Ordering.,--,No Change,
16,Clause,52.216-19,Order Limitations.,Oct 1995,Order Limitations.,--,No Change,
16,Clause,52.216-20,Definite Quantity.,Oct 1995,Definite Quantity.,--,No Change,
16,Clause,52.216-21,Requirements.,Oct 1995,Requirements.,Nov 2025,Updated,
16,Clause,52.216-22,Indefinite Quantity.,Oct 1995,Indefinite Quantity.,Nov 2025,Updated,
16,Clause,52.216-23,Execution and Commencement of Work.,Apr 1984,Execution and Commencement of Work.,--,No Change,
16,Clause,52.216-24,Limitation of Government Liability.,Apr 1984,Limitation of Government Liability.,--,No Change,
16,Clause,52.216-25,Contract Definitization.,Oct 2010,Contract Definitization.,--,Updated,"Non-substantial updates (e.g., insignificant -- ..."
16,Clause,52.216-26,Payments of Allowable Costs Before ...,Dec 2002,Payments of Allowable Costs Before ...,--,No Change,
16,Provision,52.216-27,Single or Multiple Awards.,Oct 1995,Single or Multiple Awards.,--,No Change,
16,Provision,52.216-28,Multiple Awards for Advisory and Assistance ...,Oct 1995,Multiple Awards for Advisory and Assistance ...,--,No Change,
16,Provision,52.216-29,Time-and-Materials/Labor-Hour Proposal ...,Nov 2021,Time-and-Materials/Labor-Hour Proposal ...,--,No Change,
16,Provision,52.216-30,Time-and-Materials/Labor-Hour Proposal ...,Nov 2021,Time-and-Materials/Labor-Hour Proposal ...,--,No Change,
16,Provision,52.216-31,Time-and-Materials/Labor-Hour Proposal ...,Nov 2021,Time-and-Materials/Labor-Hour Proposal ...,--,No Change,
16,Clause,52.216-32,Task-Order and Delivery-Order Ombudsman.,Sep 2019,Task-Order and Delivery-Order Ombudsman.,--,No Change,
17,--,52.217-1,[Reserved],--,[Reserved],--,No Change,
17,Clause,52.217-2,Cancellation Under Multiyear Contracts.,Oct 1997,Cancellation Under Multiyear Contracts.,--,No Change,
17,Provision,52.217-3,Evaluation Exclusive of Options.,Apr 1984,Evaluation Exclusive of Options.,--,No Change,
17,Provision,52.217-4,Evaluation of Option Exercised at Time of ...,Jun 1988,Evaluation of Option Exercised at Time of ...,Nov 2025,Updated,
17,Provision,52.217-5,Evaluation of Options.,Jul 1990,Evaluation of Options.,Nov 2025,Updated,
17,Clause,52.217-6,Option for Increased Quantity.,Mar 1989,Option for Increased Quantity.,--,No Change,
17,Clause,52.217-7,Option for Increased Quantity—...,Mar 1989,Option for Increased Quantity—...,--,No Change,
17,Clause,52.217-8,Option To Extend Services.,Nov 1999,Option To Extend Services.,--,No Change,
17,Clause,52.217-9,Option To Extend the Term of the Contract.,Mar 2000,Option To Extend the Term of the Contract.,--,No Change,
17,Provision,52.217-10,Reverse Auction.,Aug 2024,Reverse Auction.,--,No Change,
17,Clause,52.217-11,Reverse Auction—Orders.,Aug 2024,Reverse Auction—Orders.,--,No Change,
17,Clause,52.217-12,Reverse Auction Services.,Aug 2024,Reverse Auction Services.,--,No Change,
19,Provision,52.219-1,Small Business Program Representations.,Feb 2024,Small Business Program Representations.,Nov 2025,Updated,
19,Provision,52.219-2,Equal Low Bids.,Oct 1995,Equal Low Bids.,Nov 2025,Updated,
19,Clause,52.219-3,Notice of HUBZone Set-Aside or Sole-...,Oct 2022,Notice of HUBZone Set-Aside or Sole-...,Nov 2025,Updated,
19,Clause,52.219-4,Notice of Price Evaluation Preference for ...,Oct 2022,Notice of Price Evaluation Preference for ...,Nov 2025,Updated,
19,--,52.219-5,[Reserved],--,[Reserved],--,No Change,
19,Clause,52.219-6,Notice of Total Small Business Set-Aside.,Nov 2020,Notice of Total Small Business Set-Aside.,Nov 2025,Updated,
19,Clause,52.219-7,Notice of Partial Small Business Set-Aside.,Nov 2020,Notice of Partial Small Business Set-Aside.,--,No Change,
19,Clause,52.219-8,Utilization of Small Business Concerns.,Jan 2025,Utilization of Small Business Concerns.,Nov 2025,Updated,
19,Clause,52.219-9,Small Business Subcontracting Plan.,Jan 2025,Small Business Subcontracting Plan.,Nov 2025,Updated,
19,Clause,52.219-10,Incentive Subcontracting Program.,Oct 2014,Incentive Subcontracting Program.,Nov 2025,Updated,
19,Clause,52.219-11,Special 8(a) Contract Conditions.,Jan 2017,Special 8(a) Contract Conditions.,--,No Change,
19,Clause,52.219-12,Special 8(a) Subcontract Conditions.,Oct 2019,Special 8(a) Subcontract Conditions.,--,No Change,
19,Clause,52.219-13,Notice of Set-Aside of Orders.,Mar 2020,Notice of Set-Aside of Orders.,--,No Change,
19,Clause,52.219-14,Limitations on Subcontracting.,Oct 2022,Limitations on Subcontracting.,Nov 2025,Updated,
19,--,52.219-15,[Reserved],--,[Reserved],--,No Change,
19,Clause,52.219-16,Liquidated Damages—Subcontracting ...,Sep 2021,Liquidated Damages—Subcontracting ...,Nov 2025,Updated,
19,Clause,52.219-17,Section 8(a) Award.,Oct 2019,Section 8(a) Award.,--,No Change,
19,Clause,52.219-18,Notification of Competition Limited to Eligib...,Oct 2022,Notification of Competition Limited to Eligib...,--,No Change,
19,--,52.219-19,[Reserved],--,[Reserved],--,No Change,
19,--,52.219-20,[Reserved],--,[Reserved],--,No Change,
19,--,52.219-21,[Reserved],--,[Reserved],--,No Change,
19,--,52.219-22,[Reserved],--,[Reserved],--,No Change,
19,--,52.219-23,[Reserved],--,[Reserved],--,No Change,
19,--,52.219-24,[Reserved],--,[Reserved],--,No Change,
19,--,52.219-25,[Reserved],--,[Reserved],--,No Change,
19,--,52.219-26,[Reserved],--,[Reserved],--,No Change,
19,Clause,52.219-27,"Notice of Set-Aside for, or Sole-Source Award to...",Feb 2024,"Notice of Set-Aside for, or Sole-Source Award to...",Nov 2025,Updated,
19,Clause,52.219-28,Postaward Small Business Program Rerepresentation.,Jan 2025,Postaward Small Business Program Rerepresentation.,Nov 2025,Updated,
19,Clause,52.219-29,"Notice of Set-Aside for, or Sole-Source Award to...",Oct 2022,"Notice of Set-Aside for, or Sole-Source Award to...",Nov 2025,Updated,
19,Clause,52.219-30,"Notice of Set-Aside for, or Sole-Source Award to...",Oct 2022,"Notice of Set-Aside for, or Sole-Source Award to...",Nov 2025,Updated,
19,Provision,52.219-31,Notice of Small Business Reserve.,Mar 2020,Notice of Small Business Reserve.,--,No Change,
19,Clause,52.219-32,Orders Issued Directly Under Small Business ...,Mar 2020,[Reserved],21-Nov-25,Removed,
19,Clause,52.219-33,Nonmanufacturer Rule.,Sep 2021,Nonmanufacturer Rule.,Nov 2025,Updated,
22,Clause,52.222-1,Notice to the Government of Labor Disputes.,Feb 1997,Notice to the Government of Labor Disputes.,--,Updated,"Non-substantial updates (e.g., insignificant -- ..."
22,Clause,52.222-2,Payment for Overtime Premiums.,Jul 1990,Payment for Overtime Premiums.,--,Updated,"Non-substantial updates (e.g., insignificant -- ..."
22,Clause,52.222-3,Convict Labor.,Jun 2003,Convict Labor.,--,Updated,"Non-substantial updates (e.g., insignificant -- ..."
22,Clause,52.222-4,Contract Work Hours and Safety Standards—...,May 2018,Contract Work Hours and Safety Standards—...,Nov 2025,Updated,
22,Provision,52.222-5,Construction Wage Rate Requirements—...,May 2014,Construction Wage Rate Requirements—...,--,Updated,"Non-substantial updates (e.g., insignificant -- ..."
22,Clause,52.222-6,Construction Wage Rate Requirements.,Aug 2018,Construction Wage Rate Requirements.,Nov 2025,Updated,
22,Clause,52.222-7,Withholding of Funds.,May 2014,Withholding of Funds.,--,Updated,"Non-substantial updates (e.g., insignificant -- ..."
22,Clause,52.222-8,Payrolls and Basic Records.,Jul 2021,Payrolls and Basic Records.,--,Updated,"Non-substantial updates (e.g., insignificant -- ..."
22,Clause,52.222-9,Apprentices and Trainees.,Jul 2005,Apprentices and Trainees.,--,Updated,"Non-substantial updates (e.g., insignificant -- ..."
22,Clause,52.222-10,Compliance With Copeland Act Requirements.,Feb 1988,Compliance With Copeland Act Requirements.,--,Updated,"Non-substantial updates (e.g., insignificant -- ..."
22,Clause,52.222-11,Subcontracts (Labor Standards).,May 2014,Subcontracts (Labor Standards).,Nov 2025,Updated,
22,Clause,52.222-12,Contract Termination—Debarment.,May 2014,Contract Termination—Debarment.,--,No Change,
22,Clause,52.222-13,Compliance With Construction Wage Rate ...,May 2014,Compliance With Construction Wage Rate ...,--,No Change,
22,Clause,52.222-14,Disputes Concerning Labor Standards.,Feb 1988,Disputes Concerning Labor Standards.,--,Updated,"Non-substantial updates (e.g., insignificant -- ..."
22,Clause,52.222-15,Certification of Eligibility.,May 2014,Certification of Eligibility.,--,No Change,
22,Clause,52.222-16,Approval of Wage Rates.,May 2014,Approval of Wage Rates.,--,Updated,"Non-substantial updates (e.g., insignificant -- ..."
22,--,52.222-17,[Reserved],--,[Reserved],--,No Change,
22,Provision,52.222-18,Certification Regarding Knowledge of ...,Feb 2021,Certification Regarding Knowledge of ...,--,No Change,
22,Clause,52.222-19,Child Labor—Cooperation with Authorities and ...,Jan 2025,Child Labor—Cooperation with Authorities and ...,Nov 2025,Updated,
22,Clause,52.222-20,"Contracts for Materials, Supplies, Article...",Jun 2020,"Contracts for Materials, Supplies, Article...",Nov 2025,Updated,
22,Clause,52.222-21,Prohibition of segregated facilities.,Apr 2015,[Reserved],21-Nov-25,Removed,
22,Provision,52.222-22,Previous Contracts and Compliance ...,Feb 1999,[Reserved],21-Nov-25,Removed,
22,Provision,52.222-23,Notice of Requirement for Affirmative Acti...,Feb 1999,[Reserved],21-Nov-25,Removed,
22,Provision,52.222-24,Preaward On-Site Equal Opportunity ...,Feb 1999,[Reserved],21-Nov-25,Removed,
22,Provision,52.222-25,Affirmative Action Compliance.,Apr 1984,[Reserved],21-Nov-25,Removed,
22,Clause,52.222-26,Equal Opportunity.,Sep 2016,[Reserved],21-Nov-25,Removed,
22,Clause,52.222-27,Affirmative Action Compliance Requirements fo...,Apr 2015,[Reserved],21-Nov-25,Removed,
22,--,52.222-28,[Reserved],--,[Reserved],--,No Change,
22,Clause,52.222-29,Notification of visa denial.,Apr 2015,[Reserved],21-Nov-25,Removed,
22,Clause,52.222-30,Construction Wage Rate Requirements—...,Aug 2018,Construction Wage Rate Requirements—...,--,No Change,
22,Clause,52.222-31,Construction Wage Rate Requirements—...,Aug 2018,Construction Wage Rate Requirements—...,--,No Change,
22,Clause,52.222-32,Construction Wage Rate Requirements—...,Aug 2018,Construction Wage Rate Requirements—...,--,Updated,"Non-substantial updates (e.g., insignificant -- ..."
22,Provision,52.222-33,Notice of Requirement for Project Labor ...,Jan 2024,Notice of Requirement for Project Labor ...,--,Updated,"Non-substantial updates (e.g., insignificant -- ..."
22,Clause,52.222-34,Project Labor Agreement.,Jan 2024,Project Labor Agreement.,--,Updated,"Non-substantial updates (e.g., insignificant -- ..."
22,Clause,52.222-35,Equal Opportunity for Veterans.,Jun 2020,Equal Opportunity for Veterans.,Nov 2025,Updated,
22,Clause,52.222-36,Equal Opportunity for Workers with ...,Jun 2020,Equal Opportunity for Workers with ...,Nov 2025,Updated,
22,Clause,52.222-37,Employment Reports on Veterans.,Jun 2020,Employment Reports on Veterans.,Nov 2025,Updated,
22,Provision,52.222-38,Compliance with Veterans' Employment ...,Feb 2016,[Reserved],21-Nov-25,Removed,
22,--,52.222-39,[Reserved],--,[Reserved],--,No Change,
22,Clause,52.222-40,Notification of Employee Rights Under the ...,Dec 2010,Notification of Employee Rights Under the ...,--,Updated,"Non-substantial updates (e.g., insignificant -- ..."
22,Clause,52.222-41,Service Contract Labor Standards.,Aug 2018,Service Contract Labor Standards.,--,Updated,"Non-substantial updates (e.g., insignificant -- ..."
22,Clause,52.222-42,Statement of Equivalent Rates for Federal Hires.,May 2014,Statement of Equivalent Rates for Federal Hires.,--,No Change,
22,Clause,52.222-43,Fair Labor Standards Act and Service Contract...,Aug 2018,Fair Labor Standards Act and Service Contract...,--,Updated,"Non-substantial updates (e.g., insignificant -- ..."
22,Clause,52.222-44,Fair Labor Standards Act and Service Contract...,May 2014,Fair Labor Standards Act and Service Contract...,--,Updated,"Non-substantial updates (e.g., insignificant -- ..."
22,--,52.222-45,[Reserved],--,[Reserved],--,No Change,
22,Provision,52.222-46,Evaluation of Compensation for Professional ...,Feb 1993,[Reserved],21-Nov-25,Removed,
22,--,52.222-47,[Reserved],--,[Reserved],--,No Change,
22,Provision,52.222-48,Exemption From Application of the Service Contract...,May 2014,Exemption From Application of the Service Contract...,Nov 2025,Updated,
22,Clause,52.222-49,Service Contract Labor Standards—Place of ...,May 2014,Service Contract Labor Standards—Place of ...,--,Updated,"Non-substantial updates (e.g., insignificant -- ..."
22,Clause,52.222-50,Combating Trafficking in Persons.,Oct 2025,Combating Trafficking in Persons.,Nov 2025,Updated,ALT I was updated (deviatated)
22,Clause,52.222-51,Exemption From Application of the Service Contract...,May 2014,Exemption From Application of the Service Contract...,--,Updated,"Non-substantial updates (e.g., insignificant -- ..."
22,Provision,52.222-52,Exemption From Application of the Service Contract...,May 2014,Exemption From Application of the Service Contract...,Nov 2025,Updated,
22,Clause,52.222-53,Exemption From Application of the Service Contract...,May 2014,Exemption From Application of the Service Contract...,Nov 2025,Updated,
22,Clause,52.222-54,Employment Eligibility Verification.,Jan 2025,Employment Eligibility Verification.,Nov 2025,Updated,
22,Clause,52.222-55,Minimum Wages for Contractor Workers Under ...,Jan 2022,Minimum Wages for Contractor Workers Under ...,--,Updated,"Non-substantial updates (e.g., insignificant -- ..."
22,Provision,52.222-56,Certification Regarding Trafficking in ...,Oct 2025,Certification Regarding Trafficking in ...,--,Updated,"Non-substantial updates (e.g., insignificant -- ..."
22,--,52.222-57,[Reserved],--,[Reserved],--,No Change,
22,--,52.222-58,[Reserved],--,[Reserved],--,No Change,
22,--,52.222-59,[Reserved],--,[Reserved],--,No Change,
22,--,52.222-60,[Reserved],--,[Reserved],--,No Change,
22,--,52.222-61,[Reserved],--,[Reserved],--,No Change,
22,Clause,52.222-62,Paid Sick Leave Under Executive Order 13706.,Jan 2022,Paid Sick Leave Under Executive Order 13706.,--,Updated,"Non-substantial updates (e.g., insignificant -- ..."
23,Provision,52.223-1,Biobased Product Certification.,May 2024,Biobased Product Certification.,Nov 2025,Updated,
23,Clause,52.223-2,Reporting of Biobased Products Under ...,May 2024,Reporting of Biobased Products Under ...,Nov 2025,Updated,
23,Clause,52.223-3,Hazardous Material Identification an...,Feb 2021,Hazardous Material Identification an...,Nov 2025,Updated,
23,Provision,52.223-4,Recovered Material Certification.,May 2008,Recovered Material Certification.,--,No Change,
23,Clause,52.223-5,Pollution Prevention and Right-to-Know ...,May 2024,Pollution Prevention and Right-to-Know ...,--,No Change,
23,--,52.223-6,[Reserved],--,[Reserved],--,No Change,
23,Clause,52.223-7,Notice of Radioactive Materials.,Jan 1997,Notice of Radioactive Materials.,Nov 2025,Updated,
23,--,52.223-8,[Reserved],--,[Reserved],--,No Change,
23,Clause,52.223-9,Estimate of Percentage of Recovered ...,May 2008,Estimate of Percentage of Recovered ...,--,No Change,
23,Clause,52.223-10,Waste Reduction Program.,May 2024,[Reserved],21-Nov-25,Removed,
23,Clause,52.223-11,Ozone-Depleting Substances and High Global ...,May 2024,Ozone-Depleting Substances and High Global ...,Nov 2025,Updated,
23,Clause,52.223-12,"Maintenance, Service, Repair, or Disposal of ...",May 2024,"Maintenance, Service, Repair, or Disposal of ...",Nov 2025,Updated,
23,--,52.223-13,[Reserved],--,[Reserved],--,No Change,
23,--,52.223-14,[Reserved],--,[Reserved],--,No Change,
23,--,52.223-15,[Reserved],--,[Reserved],--,No Change,
23,--,52.223-16,[Reserved],--,[Reserved],--,No Change,
23,--,52.223-17,[Reserved],--,[Reserved],--,No Change,
23,--,52.223-18,[Reserved],--,[Reserved],--,No Change,
23,Clause,52.223-19,Compliance with Environmental Management ...,May 2011,[Reserved],21-Nov-25,Removed,
23,Clause,52.223-20,Aerosols.,May 2024,[Reserved],21-Nov-25,Removed,
23,Clause,52.223-21,Foams.,May 2024,[Reserved],21-Nov-25,Removed,
23,Provision,52.223-22,Public Disclosure of Greenhouse Gas Emissions ...,Dec 2016,[Reserved],21-Nov-25,Removed,
23,Clause,52.223-23,Sustainable Products and Services.,May 2024,Sustainable Products.,Nov 2025,Updated,
24,Clause,52.224-1,Privacy Act Notification.,Apr 1984,Privacy Act Notification.,--,No Change,
24,Clause,52.224-2,Privacy Act.,Apr 1984,Privacy Act.,--,No Change,
24,Clause,52.224-3,Privacy Training.,Jan 2017,Privacy Training.,--,No Change,
25,Clause,52.225-1,Buy American—Supplies.,Oct 2022,Buy American—Supplies.,Nov 2025,Updated,
25,Provision,52.225-2,Buy American Certificate.,Oct 2022,Buy American Certificate.,--,No Change,
25,Clause,52.225-3,Buy American—Free Trade Agreements—...,Nov 2023,Buy American—Free Trade Agreements—...,Nov 2025,Updated,
25,Provision,52.225-4,Buy American—Free Trade Agreements—...,Nov 2023,Buy American—Free Trade Agreements—...,Nov 2025,Updated,
25,Clause,52.225-5,Trade Agreements.,Nov 2023,Trade Agreements.,--,No Change,
25,Provision,52.225-6,Trade Agreements Certificate.,Feb 2021,Trade Agreements Certificate.,--,No Change,
25,Provision,52.225-7,Waiver of Buy American Statute for Civil Aircraft ...,Feb 2016,Waiver of Buy American Statute for Civil Aircraft ...,--,No Change,
25,Clause,52.225-8,Duty-Free Entry.,Oct 2025,Duty-Free Entry.,--,No Change,
25,Clause,52.225-9,Buy American—Construction Materials.,Oct 2022,Buy American—Construction Materials.,Nov 2025,Updated,
25,Provision,52.225-10,Notice of Buy American Requirement—...,May 2014,Notice of Buy American Requirement—...,--,No Change,
25,Clause,52.225-11,Buy American—Construction Materials under ...,Nov 2023,Buy American—Construction Materials Under ...,Nov 2025,Updated,
25,Provision,52.225-12,Notice of Buy American Requirement—...,May 2014,Notice of Buy American Requirement—...,--,No Change,
25,Clause,52.225-13,Restrictions on Certain Foreign Purchases.,Feb 2021,[Reserved],21-Nov-25,Removed,
25,Clause,52.225-14,Inconsistency between English Version and ...,Feb 2000,Inconsistency between English Version and ...,--,No Change,
25,--,52.225-15,[Reserved],--,[Reserved],--,No Change,
25,--,52.225-16,[Reserved],--,[Reserved],--,No Change,
25,Provision,52.225-17,Evaluation of Foreign Currency Offers.,Feb 2000,Evaluation of Foreign Currency Offers.,--,No Change,
25,Provision,52.225-18,Place of Manufacture.,Aug 2018,Place of Manufacture.,--,No Change,
25,Clause,52.225-19,Contractor Personnel in a Designated ...,May 2020,Contractor Personnel in a Designated ...,--,No Change,
25,Provision,52.225-20,Prohibition on Conducting Restricted ...,Aug 2009,[Reserved],21-Nov-25,Removed,
25,Clause,52.225-21,"Required Use of American Iron, Steel, and ...",Jan 2021,[Reserved],21-Nov-25,Removed,
25,Provision,52.225-22,"Notice of Required Use of American Iron, ...",Jan 2021,[Reserved],21-Nov-25,Removed,
25,Clause,52.225-23,"Required Use of American Iron, Steel, and ...",Nov 2023,[Reserved],21-Nov-25,Removed,
25,Provision,52.225-24,"Notice of Required Use of American Iron, ...",Jan 2021,[Reserved],21-Nov-25,Removed,
25,Provision,52.225-25,Prohibition on Contracting with Entities Engagin...,Jun 2020,[Reserved],21-Nov-25,Removed,
25,Clause,52.225-26,Contractors Performing Private Security ...,Oct 2016,Contractors Performing Private Security ...,--,No Change,
26,Clause,52.226-1,Utilization of Indian Organizations ...,Jun 2000,Utilization of Indian Organizations ...,Nov 2025,Updated,
26,Provision,52.226-2,Historically Black College or University and ...,Oct 2014,Historically Black College or University and ...,--,No Change,
26,Provision,52.226-3,Disaster or Emergency Area Representation.,Nov 2007,Disaster or Emergency Area Representation.,--,No Change,
26,Clause,52.226-4,Notice of Disaster or Emergency Area Set-Aside.,Nov 2007,Notice of Disaster or Emergency Area Set-Aside.,--,No Change,
26,Clause,52.226-5,Restrictions on Subcontracting Outside Disaster...,Nov 2007,Restrictions on Subcontracting Outside Disaster...,--,Updated,"Non-substantial updates (e.g., insignificant -- ..."
26,Clause,52.226-6,Promoting Excess Food Donation to Nonprofit ...,Jun 2020,Promoting Excess Food Donation to Nonprofit ...,Nov 2025,Updated,
26,Clause,52.226-7,Drug-Free Workplace.,May 2024,Drug-Free Workplace.,--,No Change,
26,Clause,52.226-8,Encouraging Contractor Policies To Ban ...,May 2024,Encouraging Contractor Policies To Ban ...,--,No Change,
27,Clause,52.227-1,Authorization and Consent.,Jun 2020,Authorization and Consent.,--,No Change,
27,Clause,52.227-2,Notice and Assistance Regarding Paten...,Jun 2020,Notice and Assistance Regarding Paten...,--,No Change,
27,Clause,52.227-3,Patent Indemnity.,Apr 1984,Patent Indemnity.,--,No Change,
27,Clause,52.227-4,Patent Indemnity—Construction Contracts.,Dec 2007,Patent Indemnity—Construction Contracts.,--,No Change,
27,Clause,52.227-5,Waiver of Indemnity.,Apr 1984,Waiver of Indemnity.,--,No Change,
27,Provision,52.227-6,Royalty Information.,Apr 1984,Royalty Information.,--,No Change,
27,Provision,52.227-7,Patents—Notice of Government Licensee.,Apr 1984,[Reserved],3-Nov-25,Removed,
27,--,52.227-8,[Reserved],--,[Reserved],--,No Change,
27,Clause,52.227-9,Refund of Royalties.,Apr 1984,Refund of Royalties.,--,No Change,
27,Clause,52.227-10,Filing of Patent Applications—Classified Subjec...,Dec 2007,Filing of Patent Applications—Classified Subjec...,--,No Change,
27,Clause,52.227-11,Patent Rights—Ownership by the Contractor.,May 2014,Patent Rights—Ownership by the Contractor.,--,No Change,
27,--,52.227-12,[Reserved],--,[Reserved],--,No Change,
27,Clause,52.227-13,Patent Rights—Ownership by the Government.,Dec 2007,Patent Rights—Ownership by the Government.,--,No Change,
27,Clause,52.227-14,Rights in Data—General.,May 2014,Rights in Data—General.,--,No Change,
27,Provision,52.227-15,Representation of Limited Rights Data and ...,Dec 2007,Representation of Limited Rights Data and ...,--,No Change,
27,Clause,52.227-16,Additional Data Requirements.,Jun 1987,Additional Data Requirements.,--,No Change,
27,Clause,52.227-17,Rights in Data—Special Works.,Dec 2007,Rights in Data—Special Works.,--,No Change,
27,Clause,52.227-18,Rights in Data—Existing Works.,Dec 2007,[Reserved],3-Nov-25,Removed,
27,Clause,52.227-19,Commercial Computer Software License.,Dec 2007,[Reserved],3-Nov-25,Removed,
27,Clause,52.227-20,Rights in Data—SBIR Program.,May 2014,Rights in Data—SBIR Program.,--,No Change,
27,Clause,52.227-21,"Technical Data Declaration, Revision, and ...",May 2014,"Technical Data Declaration, Revision, and ...",--,No Change,
27,Clause,52.227-22,Major System—Minimum Rights.,Jun 1987,Major System—Minimum Rights.,--,No Change,
27,Clause,52.227-23,Rights to Proposal Data (Technical).,Jun 1987,[Reserved],3-Nov-25,Removed,
28,Provision,52.228-1,Bid Guarantee.,Sep 1996,Bid Guarantee.,--,No Change,
28,Clause,52.228-2,Additional Bond Security.,Oct 1997,Additional Bond Security.,--,No Change,
28,Clause,52.228-3,Workers' Compensation Insurance ...,Jul 2014,Workers' Compensation Insurance ...,--,No Change,
28,Clause,52.228-4,Workers' Compensation and War-Hazard...,Apr 1984,Workers' Compensation and War-Hazard...,--,No Change,
28,Clause,52.228-5,Insurance—Work on a Government Installation.,Jan 1997,Insurance—Work on a Government Installation.,--,No Change,
28,--,52.228-6,[Reserved],--,[Reserved],--,No Change,
28,Clause,52.228-7,Insurance—Liability to Third Persons.,Mar 1996,Insurance—Liability to Third Persons.,--,No Change,
28,Clause,52.228-8,Liability and Insurance—Leased Motor ...,May 1999,Liability and Insurance—Leased Motor ...,--,No Change,
28,Clause,52.228-9,Cargo Insurance.,May 1999,Cargo Insurance.,--,No Change,
28,Clause,52.228-10,Vehicular and General Public Liability ...,Apr 1984,Vehicular and General Public Liability ...,--,No Change,
28,Clause,52.228-11,Individual Surety—Pledge of Assets.,Feb 2021,Individual Surety—Pledge of Assets.,--,No Change,
28,Clause,52.228-12,Prospective Subcontractor Requests for ...,Dec 2022,Prospective Subcontractor Requests for ...,--,No Change,
28,Clause,52.228-13,Alternative Payment Protections.,Jul 2000,Alternative Payment Protections.,--,No Change,
28,Clause,52.228-14,Irrevocable Letter of Credit.,Nov 2014,Irrevocable Letter of Credit.,--,No Change,
28,Clause,52.228-15,Performance and Payment Bonds—Construction.,Jun 2020,Performance and Payment Bonds—Construction.,--,No Change,
28,Clause,52.228-16,Performance and Payment Bonds—Other Than ...,Nov 2006,Performance and Payment Bonds—Other Than ...,--,No Change,
28,Provision,52.228-17,Individual Surety—Pledge of Assets (Bid ...,Feb 2021,Individual Surety—Pledge of Assets (Bid ...,--,No Change,
29,Clause,52.229-1,State and Local Taxes.,Apr 1984,State and Local Taxes.,--,No Change,
29,Clause,52.229-2,North Carolina State and Local Sales and Use Tax.,Apr 1984,North Carolina State and Local Sales and Use Tax.,--,Updated,"Non-substantial updates (e.g., insignificant -- ..."
29,Clause,52.229-3,"Federal, State, and Local Taxes.",Feb 2013,"Federal, State, and Local Taxes.",--,Updated,"Non-substantial updates (e.g., insignificant -- ..."
29,Clause,52.229-4,"Federal, State, and Local Taxes (State and Local ...",Feb 2013,"Federal, State, and Local Taxes (State and Local ...",--,Updated,"Non-substantial updates (e.g., insignificant -- ..."
29,--,52.229-5,[Reserved],--,[Reserved],--,No Change,
29,Clause,52.229-6,Taxes—Foreign Fixed-Price Contracts.,Feb 2013,Taxes—Foreign Fixed-Price Contracts.,--,Updated,"Non-substantial updates (e.g., insignificant -- ..."
29,Clause,52.229-7,Taxes—Fixed-Price Contracts With Foreign ...,Feb 2013,Taxes—Fixed-Price Contracts With Foreign ...,--,Updated,"Non-substantial updates (e.g., insignificant -- ..."
29,Clause,52.229-8,Taxes—Foreign Cost-Reimbursement ...,Mar 1990,Taxes—Foreign Cost-Reimbursement ...,--,Updated,"Non-substantial updates (e.g., insignificant -- ..."
29,Clause,52.229-9,Taxes—Cost-Reimbursement Contracts With ...,Mar 1990,Taxes—Cost-Reimbursement Contracts With ...,--,Updated,"Non-substantial updates (e.g., insignificant -- ..."
29,Clause,52.229-10,State of New Mexico Gross Receipts and ...,Apr 2003,State of New Mexico Gross Receipts and ...,--,Updated,"Non-substantial updates (e.g., insignificant -- ..."
29,Provision,52.229-11,Tax on Certain Foreign Procurements—...,Jun 2020,Tax on Certain Foreign Procurements—...,--,Updated,"Non-substantial updates (e.g., insignificant -- ..."
29,Clause,52.229-12,Tax on Certain Foreign Procurements.,Feb 2021,Tax on Certain Foreign Procurements.,--,Updated,"Non-substantial updates (e.g., insignificant -- ..."
29,Clause,52.229-13,Taxes—Foreign Contracts in Afghanistan.,Nov 2021,[Reserved],1-Aug-25,Removed,
29,Clause,52.229-14,Taxes—Foreign Contracts in Afghanistan ...,Nov 2021,[Reserved],1-Aug-25,Removed,
30,Provision,52.230-1,Cost Accounting Standards Notices and Certification.,Jun 2020,Cost Accounting Standards Notices and Certification.,Nov 2025,Updated,
30,Clause,52.230-2,Cost Accounting Standards.,Jun 2020,Cost Accounting Standards.,Nov 2025,Updated,
30,Clause,52.230-3,Disclosure and Consistency of Cost Accounting...,Jun 2020,Disclosure and Consistency of Cost Accounting...,Nov 2025,Updated,
30,Clause,52.230-4,Disclosure and Consistency of Cost Accounting...,Jun 2020,Disclosure and Consistency of Cost Accounting...,Nov 2025,Updated,
30,Clause,52.230-5,Cost Accounting Standards—Educational ...,Jun 2020,Cost Accounting Standards—Educational ...,Nov 2025,Updated,
30,Clause,52.230-6,Administration of Cost Accounting Standards.,Jun 2010,Administration of Cost Accounting Standards.,Nov 2025,Updated,
30,Provision,52.230-7,Proposal Disclosure—Cost Accounting ...,Apr 2005,Proposal Disclosure—Cost Accounting ...,--,No Change,
32,Clause,52.232-1,Payments.,Apr 1984,Payments.,--,No Change,
32,Clause,52.232-2,Payments Under Fixed-Price Research and ...,Apr 1984,Payments Under Fixed-Price Research and ...,--,No Change,
32,Clause,52.232-3,Payments Under Personal Services Contracts.,Apr 1984,Payments Under Personal Services Contracts.,Nov 2025,Updated,
32,Clause,52.232-4,Payments Under Transportation Contracts and ...,Apr 1984,Payments Under Transportation Contracts and ...,--,No Change,
32,Clause,52.232-5,Payments Under Fixed-Price Construction ...,May 2014,Payments Under Fixed-Price Construction ...,--,No Change,
32,Clause,52.232-6,Payment Under Communication Service Contract...,Apr 1984,Payment Under Communication Service Contract...,--,No Change,
32,Clause,52.232-7,Payments under Time-and-Materials and ...,Nov 2021,Payments under Time-and-Materials and ...,--,No Change,
32,Clause,52.232-8,Discounts for Prompt Payment.,Feb 2002,Discounts for Prompt Payment.,--,No Change,
32,Clause,52.232-9,Limitation on Withholding of Payments.,Apr 1984,Limitation on Withholding of Payments.,--,No Change,
32,Clause,52.232-10,Payments Under Fixed-Price Architect-...,Apr 2010,Payments Under Fixed-Price Architect-...,--,No Change,
32,Clause,52.232-11,Extras.,Apr 1984,Extras.,--,No Change,
32,Clause,52.232-12,Advance Payments.,May 2001,Advance Payments.,Nov 2025,Updated,
32,Provision,52.232-13,Notice of Progress Payments.,Apr 1984,Notice of Progress Payments.,--,No Change,
32,Provision,52.232-14,Notice of Availability of Progress ...,Apr 1984,Notice of Availability of Progress ...,--,No Change,
32,Provision,52.232-15,Progress Payments Not Included.,Apr 1984,Progress Payments Not Included.,--,No Change,
32,Clause,52.232-16,Progress Payments.,Nov 2021,Progress Payments.,Nov 2025,Updated,
32,Clause,52.232-17,Interest.,May 2014,Interest.,--,No Change,
32,Clause,52.232-18,Availability of Funds.,Apr 1984,Availability of Funds.,--,No Change,
32,Clause,52.232-19,Availability of Funds for the Next Fiscal Year.,Apr 1984,Availability of Funds for the Next Fiscal Year.,--,No Change,
32,Clause,52.232-20,Limitation of Cost.,Apr 1984,Limitation of Cost.,Nov 2025,Updated,
32,--,52.232-21,[Reserved],--,[Reserved],--,No Change,
32,Clause,52.232-22,Limitation of Funds.,Apr 1984,Limitation of Funds.,Nov 2025,Updated,
32,Clause,52.232-23,Assignment of Claims.,May 2014,Assignment of Claims.,--,No Change,
32,Clause,52.232-24,Prohibition of Assignment of Claims.,May 2014,Prohibition of Assignment of Claims.,--,No Change,
32,Clause,52.232-25,Prompt payment.,Jan 2017,Prompt payment.,--,No Change,
32,Clause,52.232-26,Prompt Payment for Fixed-Price Architect-...,Jan 2017,Prompt Payment for Fixed-Price Architect-...,--,No Change,
32,Clause,52.232-27,Prompt Payment for Construction Contracts.,Jan 2017,Prompt Payment for Construction Contracts.,--,No Change,
32,Provision,52.232-28,Invitation To Propose Performance-...,Mar 2000,Invitation To Propose Performance-...,--,No Change,
32,Clause,52.232-29,Terms for Financing of Purchases of ...,Nov 2021,Terms for Financing of Purchases of ...,--,No Change,
32,Clause,52.232-30,Installment Payments for Commercial ...,Nov 2021,Installment Payments for Commercial ...,--,No Change,
32,Provision,52.232-31,Invitation To Propose Financing Terms.,Dec 2022,Invitation To Propose Financing Terms.,--,No Change,
32,Clause,52.232-32,Performance-Based Payments.,Apr 2012,Performance-Based Payments.,--,No Change,
32,Clause,52.232-33,Payment by Electronic Funds Transfer—Syste...,Oct 2018,Payment by Electronic Funds Transfer—Syste...,--,No Change,
32,Clause,52.232-34,Payment by Electronic Funds Transfer—Other ...,Jul 2013,Payment by Electronic Funds Transfer—Other ...,--,No Change,
32,Clause,52.232-35,Designation of Office for Government ...,Jul 2013,Designation of Office for Government ...,--,No Change,
32,Clause,52.232-36,Payment by Third Party.,May 2014,Payment by Third Party.,Nov 2025,Updated,
32,Clause,52.232-37,Multiple Payment Arrangements.,May 1999,Multiple Payment Arrangements.,--,No Change,
32,Provision,52.232-38,Submission of Electronic Funds Transfer ...,Jul 2013,Submission of Electronic Funds Transfer ...,--,No Change,
32,Clause,52.232-39,Unenforceability of Unauthorized Obligations.,Jun 2013,Unenforceability of Unauthorized Obligations.,--,No Change,
32,Clause,52.232-40,Providing Accelerated Payments to ...,Mar 2023,Providing Accelerated Payments to ...,--,No Change,
32,Clause,52.232-90,Fast Payment Procedures.,--,Fast Payment Procedures.,Nov 2025,Added,Replaces 52.213-1
33,Clause,52.233-1,Disputes.,May 2014,Disputes.,Nov 2025,Updated,
33,Provision,52.233-2,Service of Protest.,Sep 2006,Service of Protest.,Nov 2025,Updated,
33,Clause,52.233-3,Protest After Award.,Aug 1996,Protest After Award.,Nov 2025,Updated,
33,Clause,52.233-4,Applicable Law for Breach of Contract Claim.,Oct 2004,Applicable Law for Breach of Contract Claim.,Nov 2025,Updated,
34,Clause,52.234-1,Industrial Resources Developed Und...,Sep 2016,Industrial Resources Developed Und...,Jun 2025,Updated,
34,Provision,52.234-2,Notice of Earned Value Management ...,Nov 2016,[Reserved],2-Jun-25,Removed,
34,Provision,52.234-3,Notice of Earned Value Management ...,Nov 2016,[Reserved],2-Jun-25,Removed,
34,Clause,52.234-4,Earned Value Management System.,Nov 2016,Earned Value Management System.,Jun 2025,Updated,
35,--,52.235,[Reserved],--,[Reserved],--,No Change,
36,Clause,52.236-1,Performance of Work by the Contractor.,Apr 1984,[Reserved],18-Aug-25,Removed,
36,Clause,52.236-2,Differing Site Conditions.,Apr 1984,Differing Site Conditions.,Aug 2025,Updated,
36,Clause,52.236-3,Site Investigation and Conditions Affecting the ...,Apr 1984,Site Investigation and Conditions Affecting the ...,Aug 2025,Updated,
36,Clause,52.236-4,Physical Data.,Apr 1984,[Reserved],8/18/2025,Removed,
36,Clause,52.236-5,Material and Workmanship.,Apr 1984,Material and Workmanship.,Aug 2025,Updated,
36,Clause,52.236-6,Superintendence by the Contractor.,Apr 1984,Superintendence by the Contractor.,Aug 2025,Updated,
36,Clause,52.236-7,Permits and Responsibilities.,Nov 1991,Permits and Responsibilities.,Aug 2025,Updated,
36,Clause,52.236-8,Other Contracts.,Apr 1984,Other Contracts.,Aug 2025,Updated,
36,Clause,52.236-9,"Protection of Existing Vegetation, ...",Apr 1984,"Protection of Existing Vegetation, ...",Aug 2025,Updated,
36,Clause,52.236-10,Operations and Storage Areas.,Apr 1984,Operations and Storage Areas.,Aug 2025,Updated,
36,Clause,52.236-11,Use and Possession Prior to Completion.,Apr 1984,Use and Possession Prior to Completion.,Aug 2025,Updated,
36,Clause,52.236-12,Cleaning Up.,Apr 1984,Cleaning Up.,Aug 2025,Updated,
36,Clause,52.236-13,Accident Prevention.,Nov 1991,Accident Prevention.,Aug 2025,Updated,
36,Clause,52.236-14,Availability and Use of Utility Services.,Apr 1984,Availability and Use of Utility Services.,Aug 2025,Updated,
36,Clause,52.236-15,Schedules for Construction Contracts.,Apr 1984,Schedules for Construction Contracts.,Aug 2025,Updated,
36,Clause,52.236-16,Quantity Surveys.,Apr 1984,Quantity Surveys.,Aug 2025,Updated,
36,Clause,52.236-17,Layout of Work.,Apr 1984,Layout of Work.,Aug 2025,Updated,
36,Clause,52.236-18,Work Oversight in Cost-Reimbursement ...,Apr 1984,Work Oversight in Cost-Reimbursement ...,--,No Change,
36,Clause,52.236-19,Organization and Direction of the Work.,Apr 1984,[Reserved],18-Aug-25,Removed,
36,--,52.236-20,[Reserved],--,[Reserved],--,No Change,
36,Clause,52.236-21,Specifications and Drawings for Construction.,Feb 1997,Specifications and Drawings for Construction.,Aug 2025,Updated,
36,Clause,52.236-22,Design Within Funding Limitations.,Apr 1984,Design Within Funding Limitations.,Aug 2025,Updated,
36,Clause,52.236-23,Responsibility of the Architect-Engineer ...,Apr 1984,Responsibility of the Architect-Engineer ...,Aug 2025,Updated,
36,Clause,52.236-24,Work Oversight in Architect-Engineer ...,Apr 1984,Work Oversight in Architect-Engineer ...,--,No Change,
36,Clause,52.236-25,Requirements for Registration of Designers.,Jun 2003,Requirements for Registration of Designers.,--,No Change,
36,Clause,52.236-26,Preconstruction Conference.,Feb 1995,[Reserved],18-Aug-25,Removed,
36,Provision,52.236-27,Site Visit (Construction).,Feb 1995,[Reserved],18-Aug-25,Removed,
36,Provision,52.236-28,Preparation of Proposals—Construction.,Oct 1997,[Reserved],18-Aug-25,Removed,
37,Provision,52.237-1,Site Visit.,Apr 1984,Site Visit.,--,No Change,
37,Clause,52.237-2,"Protection of Government Buildings, ...",Apr 1984,"Protection of Government Buildings, ...",--,No Change,
37,Clause,52.237-3,Continuity of Services.,Jan 1991,Continuity of Services.,--,No Change,
37,Clause,52.237-4,Payment by Government to Contractor.,Apr 1984,Payment by Government to Contractor.,--,No Change,
37,Clause,52.237-5,Payment by Contractor to Government.,Apr 1984,Payment by Contractor to Government.,--,No Change,
37,Clause,52.237-6,Incremental Payment by Contractor to ...,Apr 1984,Incremental Payment by Contractor to ...,--,No Change,
37,Clause,52.237-7,Indemnification and Medical Liability ...,Jan 1997,Indemnification and Medical Liability ...,Nov 2025,Updated,
37,Provision,52.237-8,Restriction on Severance Payments to ...,Aug 2003,Restriction on Severance Payments to ...,Nov 2025,Updated,
37,Clause,52.237-9,Waiver of Limitation on Severance ...,Dec 2022,Waiver of Limitation on Severance ...,Nov 2025,Updated,
37,Provision,52.237-10,Identification of Uncompensated Overtime.,Mar 2015,Identification of Uncompensated Overtime.,--,No Change,
39,Clause,52.239-1,Privacy or Security Safeguards.,Aug 1996,[Reserved],21-Jul-25,Removed,
40,Clause,52.240-1,Prohibition on Unmanned Aircraft Systems ...,Nov 2024,[Reserved],3-Nov-25,Removed,Moved to 52.240-91
40,Provision,52.240-90,Security Prohibitions and Exclusions ...,--,Security Prohibitions and Exclusions ...,Nov 2025,Added,Replaces the following provisions:...
40,Clause,52.240-91,Security Prohibitions and Exclusions,--,Security Prohibitions and Exclusions,Nov 2025,Added,"Replaces the following clauses: *52.204-23, ..."
40,Clause,52.240-92,Security Requirements,--,Security Requirements,Nov 2025,Added,Replaces 52.204-2
40,Clause,52.240-93,Basic Safeguarding of Covered ...,--,Basic Safeguarding of Covered ...,Nov 2025,Added,Replaces 52.204-21
41,Provision,52.241-1,Electric Service Territory Compliance ...,May 1999,Electric Service Territory Compliance ...,--,No Change,
41,Clause,52.241-2,Order of Precedence—Utilities.,Feb 1995,Order of Precedence—Utilities.,--,No Change,
41,Clause,52.241-3,Scope and Duration of Contract.,Feb 1995,Scope and Duration of Contract.,--,No Change,
41,Clause,52.241-4,Change in Class of Service.,Feb 1995,Change in Class of Service.,--,No Change,
41,Clause,52.241-5,Contractor's Facilities.,Feb 1995,Contractor's Facilities.,--,No Change,
41,Clause,52.241-6,Service Provisions.,Feb 1995,Service Provisions.,--,No Change,
41,Clause,52.241-7,Change in Rates or Terms and Conditions of ...,Feb 1995,Change in Rates or Terms and Conditions of ...,--,No Change,
41,Clause,52.241-8,Change in Rates or Terms and Conditions of ...,Feb 1995,Change in Rates or Terms and Conditions of ...,--,No Change,
41,Clause,52.241-9,Connection Charge.,Feb 1995,Connection Charge.,--,No Change,
41,Clause,52.241-10,Termination Liability.,Feb 1995,Termination Liability.,--,No Change,
41,Clause,52.241-11,Multiple Service Locations.,Feb 1995,Multiple Service Locations.,--,No Change,
41,Clause,52.241-12,"Nonrefundable, Nonrecurring Service Charge.",Feb 1995,"Nonrefundable, Nonrecurring Service Charge.",--,No Change,
41,Clause,52.241-13,Capital Credits.,Feb 1995,Capital Credits.,--,No Change,
42,Clause,52.242-1,Notice of Intent To Disallow Costs.,Apr 1984,Notice of Intent To Disallow Costs.,--,No Change,
42,Clause,52.242-2,Production Progress Reports.,Apr 1991,Production Progress Reports.,--,No Change,
42,Clause,52.242-3,Penalties for Unallowable Costs.,Dec 2022,Penalties for Unallowable Costs.,Nov 2025,Updated,
42,Clause,52.242-4,Certification of Final Indirect Costs.,Jan 1997,Certification of Final Indirect Costs.,--,No Change,
42,Clause,52.242-5,Payments to Small Business Subcontractors.,Jan 2017,Payments to Small Business Subcontractors.,--,No Change,
42,--,52.242-6,[Reserved],--,[Reserved],--,No Change,
42,--,52.242-7,[Reserved],--,[Reserved],--,No Change,
42,--,52.242-8,[Reserved],--,[Reserved],--,No Change,
42,--,52.242-9,[Reserved],--,[Reserved],--,No Change,
42,--,52.242-10,[Reserved],--,[Reserved],--,No Change,
42,--,52.242-11,[Reserved],--,[Reserved],--,No Change,
42,--,52.242-12,[Reserved],--,[Reserved],--,No Change,
42,Clause,52.242-13,Bankruptcy.,Jul 1995,Bankruptcy.,--,No Change,
42,Clause,52.242-14,Suspension of Work.,Apr 1984,Suspension of Work.,--,No Change,
42,Clause,52.242-15,Stop-Work Order.,Aug 1989,Stop-Work Order.,--,No Change,
42,--,52.242-16,[Reserved],--,[Reserved],--,No Change,
42,Clause,52.242-17,Government Delay of Work.,Apr 1984,Government Delay of Work.,--,No Change,
43,Clause,52.243-1,Changes—Fixed-Price.,Aug 1987,Changes—Fixed-Price.,Jul 2025,Updated,
43,Clause,52.243-2,Changes—Cost-Reimbursement.,Aug 1987,Changes—Cost-Reimbursement.,Jul 2025,Updated,
43,Clause,52.243-3,Changes—Time-and-Materials or Labor-Hours.,Sep 2000,Changes—Time-and-Materials or Labor-Hours.,Jul 2025,Updated,
43,Clause,52.243-4,Changes.,Jun 2007,Changes.,Jul 2025,Updated,
43,Clause,52.243-5,Changes and Changed Conditions.,Apr 1984,Changes and Changed Conditions.,Jul 2025,Updated,
43,Clause,52.243-6,Change Order Accounting.,Apr 1984,Change Order Accounting.,Jul 2025,Updated,
43,Clause,52.243-7,Notification of Changes.,Jan 2017,Notification of Changes.,Jul 2025,Updated,
44,--,52.244-1,[Reserved],--,[Reserved],--,No Change,
44,Clause,52.244-2,Subcontracts.,Jun 2020,Subcontracts.,--,No Change,
44,--,52.244-3,[Reserved],--,[Reserved],--,No Change,
44,Clause,52.244-4,Subcontractors and outside associates and ...,Aug 1998,Subcontractors and outside associates and ...,--,No Change,
44,Clause,52.244-5,Competition in Subcontracting.,Aug 2024,Competition in Subcontracting.,--,No Change,
44,Clause,52.244-6,Subcontracts for Commercial Products and ...,Oct 2025,Subcontracts for Commercial Products and ...,Nov 2025,Updated,
45,Clause,52.245-1,Government Property.,Sep 2021,Government Property.,--,No Change,
45,Clause,52.245-2,Government Property Installation ...,Apr 2012,Government Property Installation ...,--,No Change,
45,--,52.245-3,[Reserved],--,[Reserved],--,No Change,
45,--,52.245-4,[Reserved],--,[Reserved],--,No Change,
45,--,52.245-5,[Reserved],--,[Reserved],--,No Change,
45,--,52.245-6,[Reserved],--,[Reserved],--,No Change,
45,--,52.245-7,[Reserved],--,[Reserved],--,No Change,
45,--,52.245-8,[Reserved],--,[Reserved],--,No Change,
45,Clause,52.245-9,Use and Charges.,Apr 2012,Use and Charges.,--,No Change,
46,Clause,52.246-1,Contractor Inspection Requirements.,Apr 1984,Contractor Inspection Requirements.,--,No Change,
46,Clause,52.246-2,Inspection of Supplies—Fixed-Price.,Aug 1996,Inspection of Supplies—Fixed-Price.,--,No Change,
46,Clause,52.246-3,Inspection of Supplies—Cost-Reimbursement.,May 2001,Inspection of Supplies—Cost-Reimbursement.,--,No Change,
46,Clause,52.246-4,Inspection of Services—Fixed-Price.,Aug 1996,Inspection of Services—Fixed-Price.,--,No Change,
46,Clause,52.246-5,Inspection of Services—Cost-Reimbursement.,Apr 1984,Inspection of Services—Cost-Reimbursement.,--,No Change,
46,Clause,52.246-6,Inspection—Time-and-Material and ...,May 2001,Inspection—Time-and-Material and ...,--,No Change,
46,Clause,52.246-7,Inspection of Research and Development—...,Aug 1996,Inspection of Research and Development—...,--,No Change,
46,Clause,52.246-8,Inspection of Research and Development—...,May 2001,Inspection of Research and Development—...,--,No Change,
46,Clause,52.246-9,Inspection of Research and Development ...,Apr 1984,Inspection of Research and Development ...,--,No Change,
46,--,52.246-10,[Reserved],--,[Reserved],--,No Change,
46,Clause,52.246-11,Higher-Level Contract Quality Requirement.,Dec 2014,Higher-Level Contract Quality Requirement.,--,No Change,
46,Clause,52.246-12,Inspection of Construction.,Aug 1996,Inspection of Construction.,--,No Change,
46,Clause,52.246-13,"Inspection—Dismantling, Demolition, or ...",Aug 1996,"Inspection—Dismantling, Demolition, or ...",--,No Change,
46,Clause,52.246-14,Inspection of Transportation.,Apr 1984,Inspection of Transportation.,--,No Change,
46,Clause,52.246-15,Certificate of Conformance.,Apr 1984,Certificate of Conformance.,--,No Change,
46,Clause,52.246-16,Responsibility for Supplies.,Apr 1984,Responsibility for Supplies.,--,No Change,
46,Clause,52.246-17,Warranty of Supplies of a Noncomplex ...,Jun 2003,Warranty of Supplies of a Noncomplex ...,--,No Change,
46,Clause,52.246-18,Warranty of Supplies of a Complex Nature.,May 2001,Warranty of Supplies of a Complex Nature.,--,No Change,
46,Clause,52.246-19,Warranty of Systems and Equipment unde...,May 2001,Warranty of Systems and Equipment unde...,--,No Change,
46,Clause,52.246-20,Warranty of Services.,May 2001,Warranty of Services.,--,No Change,
46,Clause,52.246-21,Warranty of Construction.,Mar 1994,Warranty of Construction.,--,No Change,
46,--,52.246-22,[Reserved],--,[Reserved],--,No Change,
46,Clause,52.246-23,Limitation of Liability.,Feb 1997,Limitation of Liability.,--,No Change,
46,Clause,52.246-24,Limitation of Liability—High-Value Items.,Feb 1997,Limitation of Liability—High-Value Items.,--,No Change,
46,Clause,52.246-25,Limitation of Liability—Services.,Feb 1997,Limitation of Liability—Services.,--,No Change,
46,Clause,52.246-26,Reporting Nonconforming Items.,Aug 2024,Reporting Nonconforming Items.,--,No Change,
47,Clause,52.247-1,Commercial Bill of Lading Notations.,Feb 2006,Commercial Bill of Lading Notations.,--,No Change,
47,Clause,52.247-2,"Permits, Authorities, or Franchises.",Jan 1997,"Permits, Authorities, or Franchises.",--,No Change,
47,Clause,52.247-3,Capability To Perform a Contract for the ...,Feb 2006,[Reserved],21-Nov-25,Removed,
47,Provision,52.247-4,Inspection of Shipping and Receiving ...,Apr 1984,[Reserved],21-Nov-25,Removed,
47,Clause,52.247-5,Familiarization With Conditions.,Apr 1984,Familiarization With Conditions.,--,No Change,
47,Provision,52.247-6,Financial Statement.,Apr 1984,[Reserved],21-Nov-25,Removed,
47,Clause,52.247-7,Freight Excluded.,Apr 1984,[Reserved],21-Nov-25,Removed,
47,Clause,52.247-8,Estimated Weights or Quantities Not ...,Apr 1984,Estimated Weights or Quantities Not ...,--,No Change,
47,Clause,52.247-9,Agreed Weight—General Freight.,Apr 1984,[Reserved],21-Nov-25,Removed,
47,Clause,52.247-10,Net Weight—General Freight.,Apr 1984,Net Weight—General Freight.,--,No Change,
47,Clause,52.247-11,Net Weight—Household Goods or Office ...,Apr 1984,Net Weight—Household Goods or Office ...,--,No Change,
47,Clause,52.247-12,"Supervision, Labor, or Materials.",Apr 1984,[Reserved],21-Nov-25,Removed,
47,Clause,52.247-13,Accessorial Services—Moving Contracts.,Apr 1984,Accessorial Services—Moving Contracts.,--,No Change,
47,Clause,52.247-14,Contractor Responsibility for Receipt of ...,Apr 1984,[Reserved],21-Nov-25,Removed,
47,Clause,52.247-15,Contractor Responsibility for Loading and ...,Apr 1984,Contractor Responsibility for Loading and ...,--,No Change,
47,Clause,52.247-16,Contractor Responsibility for Returning ...,Apr 1984,[Reserved],21-Nov-25,Removed,
47,Clause,52.247-17,Charges.,Apr 1984,Charges.,--,No Change,
47,Clause,52.247-18,Multiple Shipments.,Apr 1984,Multiple Shipments.,--,No Change,
47,Clause,52.247-19,Stopping in Transit for Partial Unloading.,Apr 1984,Stopping in Transit for Partial Unloading.,--,No Change,
47,Provision,52.247-20,Estimated Quantities or Weights for ...,Apr 1984,[Reserved],21-Nov-25,Removed,
47,Clause,52.247-21,Contractor Liability for Personal Injury ...,Apr 1984,Contractor Liability for Personal Injury ...,--,No Change,
47,Clause,52.247-22,Contractor Liability for Loss of and/or ...,Apr 1984,Contractor Liability for Loss of and/or ...,--,No Change,
47,Clause,52.247-23,Contractor Liability for Loss of and/or ...,Jan 1991,Contractor Liability for Loss of and/or ...,--,No Change,
47,Clause,52.247-24,Advance Notification by the Government.,Apr 1984,[Reserved],21-Nov-25,Removed,
47,Clause,52.247-25,Government-Furnished Equipment With...,Apr 1984,[Reserved],21-Nov-25,Removed,
47,Clause,52.247-26,Government Direction and Marking.,Apr 1984,[Reserved],21-Nov-25,Removed,
47,Clause,52.247-27,Contract Not Affected by Oral Agreement.,Apr 1984,[Reserved],21-Nov-25,Removed,
47,Clause,52.247-28,Contractor's Invoices.,Apr 1984,[Reserved],21-Nov-25,Removed,
47,Clause,52.247-29,F.o.b. Origin.,Feb 2006,F.o.b. Origin.,--,No Change,
47,Clause,52.247-30,"F.o.b. Origin, Contractor's Facility.",Feb 2006,"F.o.b. Origin, Contractor's Facility.",--,No Change,
47,Clause,52.247-31,"F.o.b. Origin, Freight Allowed.",Feb 2006,"F.o.b. Origin, Freight Allowed.",--,No Change,
47,Clause,52.247-32,"F.o.b. Origin, Freight Prepaid.",Feb 2006,"F.o.b. Origin, Freight Prepaid.",--,No Change,
47,Clause,52.247-33,"F.o.b. Origin, With Differentials.",Feb 2006,"F.o.b. Origin, With Differentials.",--,No Change,
47,Clause,52.247-34,F.o.b. Destination.,Jan 1991,F.o.b. Destination.,--,No Change,
47,Clause,52.247-35,"F.o.b. Destination, Within Consignee's ...",Apr 1984,"F.o.b. Destination, Within Consignee's ...",--,No Change,
47,Clause,52.247-36,"F.a.s. Vessel, Port of Shipment.",Apr 1984,"F.a.s. Vessel, Port of Shipment.",--,No Change,
47,Clause,52.247-37,"F.o.b. Vessel, Port of Shipment.",Apr 1984,"F.o.b. Vessel, Port of Shipment.",--,No Change,
47,Clause,52.247-38,"F.o.b. Inland Carrier, Point of Exportation.",Feb 2006,"F.o.b. Inland Carrier, Point of Exportation.",--,No Change,
47,Clause,52.247-39,"F.o.b. Inland Point, Country of Importation.",Apr 1984,"F.o.b. Inland Point, Country of Importation.",--,No Change,
47,Clause,52.247-40,"Ex Dock, Pier, or Warehouse, Port of Importation.",Apr 1984,[Reserved],21-Nov-25,Removed,
47,Clause,52.247-41,C.& f. Destination.,Apr 1984,[Reserved],21-Nov-25,Removed,
47,Clause,52.247-42,C.i.f. Destination.,Apr 1984,[Reserved],21-Nov-25,Removed,
47,Clause,52.247-43,"F.o.b. Designated Air Carrier's Terminal, Point o...",Feb 2006,[Reserved],21-Nov-25,Removed,
47,Clause,52.247-44,"F.o.b. Designated Air Carrier's Terminal, Point o...",Apr 1984,[Reserved],21-Nov-25,Removed,
47,Provision,52.247-45,F.o.b. Origin and/or F.o.b. Destination ...,Apr 1984,[Reserved],21-Nov-25,Removed,
47,Provision,52.247-46,Shipping Point(s) Used in Evaluation of ...,Apr 1984,[Reserved],21-Nov-25,Removed,
47,Provision,52.247-47,Evaluation—F.o.b. Origin.,Jun 2003,[Reserved],21-Nov-25,Removed,
47,Clause,52.247-48,F.o.b. Destination—Evidence of Shipment.,Feb 1999,F.o.b. Destination—Evidence of Shipment.,--,No Change,
47,Provision,52.247-49,Destination Unknown.,Apr 1984,[Reserved],21-Nov-25,Removed,
47,Provision,52.247-50,No Evaluation of Transportation Costs.,Apr 1984,[Reserved],21-Nov-25,Removed,
47,Provision,52.247-51,Evaluation of Export Offers.,Jan 2001,[Reserved],21-Nov-25,Removed,
47,Clause,52.247-52,Clearance and Documentation Requirements—...,Feb 2006,Clearance and Documentation Requirements—...,Nov 2025,Updated,
47,Provision,52.247-53,Freight Classification Description.,Apr 1984,Freight Classification Description.,--,No Change,
47,--,52.247-54,[Reserved],--,[Reserved],--,No Change,
47,Clause,52.247-55,F.o.b. Point for Delivery of Government-...,Jun 2003,[Reserved],21-Nov-25,Removed,
47,Provision,52.247-56,Transit Arrangements.,Apr 1984,Transit Arrangements.,--,No Change,
47,Clause,52.247-57,Transportation Transit Privilege Credits.,Apr 1984,[Reserved],21-Nov-25,Removed,
47,Clause,52.247-58,"Loading, Blocking, and Bracing of Freight Car ...",Apr 1984,"Loading, Blocking, and Bracing of Freight Car ...",--,No Change,
47,Clause,52.247-59,F.o.b. Origin—Carload and Truckload ...,Apr 1984,[Reserved],21-Nov-25,Removed,
47,Clause,52.247-60,Guaranteed Shipping Characteristics.,Aug 2025,[Reserved],21-Nov-25,Removed,
47,Clause,52.247-61,F.o.b. Origin—Minimum Size of Shipments.,Apr 1984,[Reserved],21-Nov-25,Removed,
47,Clause,52.247-62,Specific Quantities Unknown.,Apr 1984,[Reserved],21-Nov-25,Removed,
47,Clause,52.247-63,Preference for U.S.-Flag Air Carriers.,Jan 2025,Preference for U.S.-Flag Air Carriers.,--,No Change,
47,Clause,52.247-64,Preference for Privately Owned U.S.-Flag ...,Nov 2021,Preference for Privately Owned U.S.-Flag ...,Nov 2025,Updated,
47,Clause,52.247-65,"F.o.b. Origin, Prepaid Freight—Small Package ...",Jan 1991,[Reserved],21-Nov-25,Removed,
47,Clause,52.247-66,Returnable Cylinders.,May 1994,[Reserved],21-Nov-25,Removed,
47,Clause,52.247-67,Submission of Transportation Documents for ...,Feb 2006,Submission of Transportation Documents for ...,--,No Change,
47,Clause,52.247-68,Report of Shipment (REPSHIP).,Feb 2006,Report of Shipment (REPSHIP).,--,No Change,
47,Clause,52.247-69,Reporting Requirement for U.S.-Flag Air ...,Jan 2025,Reporting Requirement for U.S.-Flag Air ...,--,No Change,
48,Clause,52.248-1,Value Engineering.,Jun 2020,Value Engineering.,--,No Change,
48,Clause,52.248-2,Value Engineering—Architect-Engineer.,Mar 1990,Value Engineering—Architect-Engineer.,--,No Change,
48,Clause,52.248-3,Value Engineering—Construction.,Oct 2025,Value Engineering—Construction.,--,No Change,
49,Clause,52.249-1,Termination for Convenience of the Government...,Apr 1984,Termination for Convenience of the Government...,--,No Change,
49,Clause,52.249-2,Termination for Convenience of the Government...,Apr 2012,Termination for Convenience of the Government...,--,No Change,
49,Clause,52.249-3,Termination for Convenience of the Government...,Apr 2012,Termination for Convenience of the Government...,--,No Change,
49,Clause,52.249-4,Termination for Convenience of the Government...,Apr 1984,Termination for Convenience of the Government...,--,No Change,
49,Clause,52.249-5,Termination for Convenience of the Government...,Aug 2016,Termination for Convenience of the Government...,--,No Change,
49,Clause,52.249-6,Termination (Cost-Reimbursement).,May 2004,Termination (Cost-Reimbursement).,--,No Change,
49,Clause,52.249-7,Termination (Fixed-Price Architect-...,Apr 1984,Termination (Fixed-Price Architect-...,--,No Change,
49,Clause,52.249-8,Default (Fixed-Price Supply and Service).,Apr 1984,Default (Fixed-Price Supply and Service).,--,No Change,
49,Clause,52.249-9,Default (Fixed-Price Research and ...,Apr 1984,Default (Fixed-Price Research and ...,--,No Change,
49,Clause,52.249-10,Default (Fixed-Price Construction).,Apr 1984,Default (Fixed-Price Construction).,--,No Change,
49,--,52.249-11,[Reserved],--,[Reserved],--,No Change,
49,Clause,52.249-12,Termination (Personal Services).,Apr 1984,Termination (Personal Services).,--,No Change,
49,--,52.249-13,[Reserved],--,[Reserved],--,No Change,
49,Clause,52.249-14,Excusable Delays.,Apr 1984,Excusable Delays.,--,No Change,
50,Clause,52.250-1,Indemnification Under Public Law 85-804.,Apr 1984,Indemnification Under Public Law 85-804.,--,No Change,
50,Provision,52.250-2,SAFETY Act Coverage Not Applicable.,Feb 2009,SAFETY Act Coverage Not Applicable.,--,Updated,"Non-substantial updates (e.g., insignificant -- ..."
50,Provision,52.250-3,SAFETY Act Block Designation/Certification.,Feb 2009,SAFETY Act Block Designation/Certification.,--,No Change,
50,Provision,52.250-4,SAFETY Act Pre-qualification Designation ...,Feb 2009,SAFETY Act Pre-qualification Designation ...,--,No Change,
50,Clause,52.250-5,SAFETY Act—Equitable Adjustment.,Feb 2009,SAFETY Act—Equitable Adjustment.,Aug 2025,Updated,
51,Clause,52.251-1,Government Supply Sources.,Apr 2012,[Reserved],3-Nov-25,Removed,Moved to 52.208-90
51,Clause,52.251-2,Interagency Fleet Management System Vehicles ...,Jan 1991,[Reserved],3-Nov-25,Removed,Moved to 52.208-91
52,Provision,52.252-1,Solicitation Provisions Incorporated by...,Feb 1998,Solicitation Provisions Incorporated by...,--,No Change,
52,Clause,52.252-2,Clauses Incorporated by Reference.,Feb 1998,Clauses Incorporated by Reference.,--,No Change,
52,Provision,52.252-3,Alterations in Solicitation.,Apr 1984,Alterations in Solicitation.,--,No Change,
52,Clause,52.252-4,Alterations in Contract.,Apr 1984,Alterations in Contract.,--,No Change,
52,Provision,52.252-5,Authorized Deviations in Provisions.,Nov 2020,Authorized Deviations in Provisions.,--,No Change,
52,Clause,52.252-6,Authorized Deviations in Clauses.,Nov 2020,Authorized Deviations in Clauses.,--,No Change,
53,Clause,52.253-1,Computer Generated Forms.,Jan 1991,Computer Generated Forms.,Nov 2025,Updated,
